{
  "best_model": "anfis",
  "all_results": {
    "fuzzy": {
      "rmse": 0.5628444661980527,
      "mae": 0.2786259541984733,
      "accuracy": 0.7404580152671756,
      "score": 0.2322
    },
    "anfis": {
      "rmse": 0.4269097192580026,
      "mae": 0.15935114503816794,
      "accuracy": 0.8501908396946565,
      "score": 0.1542
    },
    "pso_anfis": {
      "rmse": 0.428025825003853,
      "mae": 0.16603053435114504,
      "accuracy": 0.8396946564885496,
      "score": 0.1586
    }
  },
  "training_date": "2026-04-26",
  "dataset": "indian_forest_fires_enhanced.csv",
  "best_model_path": "models/anfis_model.pkl"
}